city,state
,
,
,
,
Chicago,IL
Los Angeles,CA
Las Vegas,NV
,MI
,
,
,ND
,
,TN
,
,
,foreign
,
,
,foreign
"Auckland, New Zealand",
Minneapolis,
,
,foreign
,foreign
,
,
Los Osos,CA
,
Chicago,
,
Boston,
,
,
Brooklyn,NY
,
,foreign
,
,
,
,
,ID
,
,DE
,MO
Seattle,WA
,
London,
,
,
,
,
Brooklyn,NY
,
Houston,TX
,
,
,FL
,foreign
,
,
,VA
,
,
Los Angeles,CA
,NJ
Cleveland,OH
,
,
,
,
Seattle,IN
,
,foreign
,
,
,
,
,DC
,
,
,
,
,
,
Virginia Beach,VA
Seattle,WA
,
,foreign
,
Chicago,IL
,foreign
Seattle,WA
,foreign
Grand Rapids,MI
,
,
,
,
,foreign
,
,NY
Los Angeles,CA
Fairfax,VA
,
,
,
,NC
,
,
,
,
,
,
,
,
,
,
,
,
Toronto,
,foreign
,
Portland,NY
,
,foreign
,NJ
,
,
,NJ
Macon,GA
,
,
,
,
,
,foreign
Johnstown,PA
,
,
Imperial Kingdom of Carpathia,
Birmingham,AL
,
,
Phoenix,AZ
,
Boston,
Guelph,
,foreign
El Paso,
,
,
,foreign
,
,
Lusaka,
,
,
San Diego,CA
,
Phila,PA
Boston,
,
Perth,
,
,
,
,
,
,
,
,
Charlotte,NC
Phoenix,AZ
,foreign
,
,foreign
,
,
,
,
,
,
,
,
Somewhere,CA
Richmond,VA
Houston,
Santa Monica,CA
,
,NY
Los Angeles,
Vancouver,
,NH
Oakland,CA
,foreign
,
,
,foreign
,
,
,
,
,OH
Dover,NH
Cleveland,OH
,
,foreign
,IL
,
,
,
,
,
,foreign
London,
Atlanta,GA
,
,
,
,NY
,FL
Tampa,FL
Raleigh,NC
,DC
,
St. Louis,MO
,RI
,
,
San Diego,CA
,
Concord,NC
Salt Lake City,UT
,
,
Chicago,IL
,
,
,
,
Beirut,
,
,
,
Austin,TX
,
,
Cincinnati,OH
,
,
,
London,
,
,
Las Vegas,NV
Boston,
,
,
,foreign
,
Portland,OR
,foreign
,
Middletown,CT
,CA
,NY
,
,
,PA
,
detroit,
,
,
,
,
,
,
Orlando,FL
Atlanta,GA
,
,
,
Dallas,TX
,MD
,
,
,
,
,TX
,VA
,
,
Vienna,VA
,foreign
,FL
Cleveland,OH
,
Salt Lake City,UT
Sarcasticville,
,
Louisville,KY
Brooklyn,
,foreign
,
,foreign
,IA
,
San Francisco,
,
Atlanta,
,
Dallas,TX
,
Philadelphia,PA
Oakland,
,
,
,
,
Akron,OH
,
Westminster Colorado,CO
,ME
Detroit,
Los Angeles,CA
,
,
,
,
,
,
,
,
Chicago,
,
,
West Seattle,
,
,foreign
,
,
,foreign
,
Long Beach,CA
,
,
,
Palm Springs,CA
Dallas,TX
,TX
,
Seattle,
,IA
,
,
,WI
Homewood,AL
Nairobi,
,
Seattle,WA
Orlando,FL
,
West Haven,CT
,
,
Boston,
Chicago,IL
,
,
Salt Lake City,UT
,
,foreign
,
,
,
Los Angeles,
,
,
,foreign
,
Kansas City,KS
,
,PA
,NY
,
,
,
Vancouver,
,
,
Akron,OH
,
Houston,TX
Houston,TX
,
Laredo,TX
Vancouver,
,
,
,
,
San Francisco,CA
,
,
,
Dallas,TX
,
,foreign
,foreign
,
,
,
,
,DC
,
,MO
,MI
,
,
,
Durham,NC
,
,
ottawa,
,
,
,
,
,
Brooklyn,NY
,
,foreign
,FL
,
,foreign
Houston,TX
,
,
,foreign
,
,NC
Nashville,TN
,
,
San Francisco,
,foreign
Louisville,KY
,
UK,
,foreign
,foreign
,
,
,
,
,
,NH
,
,
,
USA,
Long Beach,CA
,
Toronto,
New Orleans,
,foreign
,
,
Minneapolis,MN
,
,
Central Park,
,
Reston,VA
London,
,
,
,foreign
,
,
,foreign
,
New Haven,CT
,
,
Louisville,KY
,
,
,WA
London,
,foreign
,
,MA
Santa Catarina,
,
İstanbul,
New York City,NY
,
Newport,
Phoenix,AZ
Mississauga,
,
,
,
,foreign
San Diego,CA
,NY
,
,foreign
,
,
,
,
Manhattan,
Baltimore,MD
London,
Northampton,
,
Cincinnati,OH
Houston,TX
,
,
,
,
New York City,NY
,
Dublin,
Seattle,WA
,
,
,
,VA
,
Seattle,WA
,NJ
,
Smiths,AL
,
,LA
,MA
Nashville,
,
,
,
,
,
,IL
,
,
,
,
,
,DC
,
Columbus,OH
,
,
,
Toronto,NY
Boston,
Boston,
,OH
Detroit,MI
,
Durham,NC
,foreign
,
,
,CA
Sarasota,FL
,CA
,
,
Houston,TX
Vancouver,
Hong Kong,
Iowa City,IA
,foreign
,foreign
,
,
,
,VA
,
,
Abuja,
,
,foreign
,MD
,
,
Chicago,
,
,
,
,foreign
Yooperland,
,
,
,
,
,
,
Fresno,CA
Seattle,
,
,
,
San Antonio,TX
,
,
,
,TN
,
,
,
Perth,
CA,
,DC
,DC
,CO
,
,
,
,
UK,
Springfield,
,
,
,
,NY
,DC
Seattle,WA
,
,
,
,
,
,CA
,NY
,
,
Boston,
Baltimore,
,NY
,UT
,foreign
,
,CA
,foreign
,
,
,
,foreign
Seattle,WA
,
,
,
,
,
,
,
,NY
,foreign
Lagos,
,
Avocado Heights,CA
North Little Rock,AR
London,
,
,
El Paso,TX
Philadelphia,PA
,
,foreign
Denver,CO
,NY
Menlo Park,CA
,
,
,CA
,FL
,MD
,foreign
,
Brooklyn,NY
,TX
,foreign
,
,
Phoenix,AZ
,
Hollywood,CA
,OH
,
Colorado Springs,CO
,
Milwaukee,WI
,
,
,
Las Vegas,NV
,
,CA
Los Angeles,CA
Perth,
,
Boston,
,foreign
,
,
los angeles,
,foreign
,
,
,
,GA
Miami,FL
Harrisburg,PA
Denver,CO
,
"Auckland, New Zealand",
,
,WI
,
Raleigh,NC
,
,
,
,CA
,
,NY
,TX
,foreign
,
,
,
,DC
,foreign
,
philadelphia,PA
,
,DC
,
Myrtle Beach,SC
,
,
Charlottesville,VA
,
,foreign
,
,
,
,
,
Chester,VA
,MI
,foreign
,
San Jose,CA
Salt Lake City,UT
,
Deptford,
,FL
België,
,DC
,foreign
,
,
Dreamland,
,FL
,WA
,
Los Angeles,CA
,
,
Albany,NY
Lagos,
,
,
Nashville,TN
Tampa,FL
Wales,
London,
,MA
St. Charles,IA
Southwick,
Las Vegas,NV
,
,
,
,
,FL
,
,
,CA
,
Orlando,FL
,
,
,
,
,
,
,
,
,
Augusta,GA
Charlotte,NC
Phoenix,
Baltimore,MD
,
,foreign
Los Angeles,CA
Pittsburgh,PA
Chicago,IL
Detroit,MI
Brooklyn,NY
,
Tulsa,OK
Racoon City,
,
,
,CA
,
London,
,
West Chester,PA
,
,
,
,AR
,DC
,
,
,
,
,foreign
,
,
,
,
,
,
,
New York City,NY
,IA
,
,MN
,
,
,NY
,
,
London,
,
Toronto,
,NJ
,
,
,
Brooklyn,NY
,TX
,
,TX
Philadelphia,PA
,foreign
,
,IL
,OH
,
Oklahoma City,OK
,
Bakersfield,CA
,
Houston,TX
,
,
Tasmania,
Boston,
,ME
Salt Lake City,
,WA
,IL
Easton,MD
,
,CA
,NY
Lexington,KY
,
,
,MD
Seattle,WA
,
Seattle,WA
,foreign
,
,
Charlotte,NC
,
,
,
,
,MS
,
,TX
,FL
Atlanta,GA
,
,
,
,foreign
,RI
,foreign
,
,
,foreign
,
,
,
,VA
,
,
,
Innisfil,
,
,
,foreign
,
,
Toronto,
,
,
,
,
,
,MD
,MN
,
,
,
,
South Wales,
,CT
,
,
,
,DC
,
,
,
Tampa,FL
Cambridge,MA
,
Vancouver,
,
,OK
,
,
Brasília,
,
,
,
West Allis,WI
Fort Campbell,KY
San Francisco,CA
,
,
,foreign
,
,
,NY
,
Camden,
,
,
,OH
,NY
Brooklyn,NY
,
,foreign
,
,
El Paso,TX
,
,
,
Orlando,FL
Los Angeles,CA
,
,
,
greenburgh,NY
,
,
,foreign
,
,
,
,
,
,
Atlanta,GA
,OH
,
,FL
,foreign
,
Albuquerque,
,foreign
,
,
,OH
,NJ
Denver,
Portland,OR
Mandaluyong City,
,TX
,DC
,
,
,
,
,
,
,
,
UK,
,
,
Lexington,
,NY
,
,
,
,SC
Upper West Side,
Denver,CO
,
,
,
,
,
,
Brooklyn,NY
,
,
Seattle,
,
,MS
,foreign
,
,KS
,
,FL
Seattle,WA
,foreign
Greensboro,NC
,
Portland,OR
Portland,OR
,
,IL
,foreign
Calgary,
,foreign
,
Los Angeles,
,
,
,
,
,
,
Baltimore,MD
,
,
,
,foreign
,
,
,
Northern Colorado,CO
,foreign
,
,DC
,foreign
,foreign
,
,
Boston,
,
,
,
,
,MA
,
,
,
,
,CA
,
,
,
New Brunswick,
,
,NJ
,
,
Perth,
,
USA,IN
,
,AK
Anniston,AL
,
,FL
,
,
,
,
,
,
,
,
,
Lagos,
,
Chicago,IL
,
,
,
,
,foreign
,
,
,foreign
,MA
,
Boston,
Beeville,TX
,
,
,
San Francisco,CA
,foreign
,NC
,
,
,
,
,AK
,
,
,
,MD
,
,
West-Central Pennsylvania,PA
,
Chicago,
,foreign
,CA
,
,PA
UK,IN
,
,
,CA
,
,PA
,
,
Mumbai,
Long Beach,CA
,
,
,foreign
West Hollywood,CA
Wellington,
,
,foreign
,
Calgary,
,
,
Springfield,
,NY
,
,
Las Vegas,NV
Fargo,ND
,
,CA
,
,
,
,
,
,NY
San Diego,
,
,
Los Angeles,CA
,
Dania Beach,FL
Toronto,
,
Houston,TX
,
,ID
,
,
Minneapolis,SC
Milan,
,
,
Lagos,
,NY
Montgomery County,MD
,
Seattle,WA
,
Baltimore,MD
,
Rochester,NY
,
Huntsville,AL
,TX
,
,foreign
Seattle,WA
,VA
Miramar Beach,FL
,
Markham,
Columbus,OH
,WA
Los Angeles,CA
UK,
,VA
,IN
,
Cleveland,OH
Nottingham,MD
Pittsburgh,PA
,
,
,NJ
,
Minneapolis,MN
,
Los Angeles,CA
,
,NY
Boulder,CO
,CA
,
Staten Island,NY
,AZ
,
,
,
Tulsa,OK
,
,
,
,
,
Vancouver,
San Diego,CA
,
,TX
Los Angeles,
,foreign
,
,
Sioux City,IA
,foreign
,foreign
,MO
,SC
,
,
,
,
,
,
,
London,
,
,
,
Los Angeles,CA
Houston,TX
,
Richmond,
,
,
,
,
Sacramento,CA
Berkeley,CA
San Diego,CA
,foreign
,
Carrboro,NC
,OR
,
Baltimore,MD
,
,
,
,
,
Menlo Park,CA
Dallas,TX
,
Lewiston,ID
,
,
,
,
,CA
,
,foreign
"Auckland,",
,CA
,
,
,CO
,CA
,
,foreign
omaha,
,foreign
,
,FL
,
Orlando,FL
,
,
,CA
Century City,CA
,
Zionsville,IN
,
,MA
,foreign
,
,
,
,
,
Chicago,
,
,
,
,
,
,
,NY
Portland,OR
,
,AR
,
,
,WA
,
,OH
,
,NY
,
,
,
,
,
,MN
,
,
Downey,CA
,
,
Chicago,IL
San Diego,CA
Hartford,CT
,
,NC
,
,foreign
,
,
,
Lagos,
,NM
Houston,
,NC
,
District,
,foreign
,
,
,
,
,foreign
,DC
Richmond,
,UT
,
,
,
Dallas,TX
San Jose,CA
,
,NJ
,
,FL
,TX
,foreign
London,
Seattle,WA
Myanmar,
Houston,TX
,
,
,
,
,
,
,
,foreign
,
,PA
,
Seattle,WA
,
,ME
,TX
,foreign
,
,
,AL
,
San Antonio,TX
,
,
,
,
,foreign
Hong Kong,
,foreign
,
,
,
Darug,
Seattle,WA
,
,
Los Angeles,CA
,
,
,
Richmond,VA
,
,
Sacramento,CA
,
,
,
,
Houston,
,CA
,WI
UK,
,
Los Angeles,CA
San Diego,CA
,
Syracuse,NY
,
,
,
Boston,
Seattle,WA
,
,
,NY
,
,NC
,
,foreign
,
,foreign
St Louis,MO
,NY
,foreign
,
,
,
,
,VA
,
,
,
,
,foreign
London,
,
,
,
Los Angeles,CA
Cypress,TX
,
Abuja,
,
,
New York City,NY
,
New Orleans,
Lagos,
,
,foreign
,TX
,
North Chevy Chase,MD
Boston,
,
,
,
,
Portland,ME
,
Ontario,
,
,
,
Los Angeles,
,
,
South San Francisco,CA
,
,foreign
,
,
,
,
,
,
Fiore,IN
,
,
Calgary,
,
,
,
,
,
,DC
Ukrainian Village,IL
,
,
,
Milwaukee,WI
,FL
Tampa,FL
Wattsittuya,GA
Detroit,MI
,
,
,
,
,SC
,GA
,
,
,
Nashville,TN
,
MA,
,
,
,
,CA
,
,
,
,
,foreign
Colorado Springs,CO
,
North Myrtle Beach,SC
Atlanta,GA
,
Downey,CA
Pittsburgh,PA
Chicago,IL
,
,FL
,
,
,MI
,
Atlanta,GA
London,
,
,
Cincinnati,OH
,
,
Miami,NY
,
,
,
,
,
Los Angeles,CA
,foreign
,NY
,PA
,
St. Louis,MO
,
,
,foreign
Chicago,
,
Tampa,FL
London,
Memphis,TN
Boston,
,
Baltimore,
Las Vegas,NV
,
,
,
,
UK,
,NY
oakland,CA
,
,
Charlotte,NC
,
,
Salt Lake City,UT
Los Angeles,CA
,
Yucaipa,CA
Meridian,ID
,
,
,FL
,
,
,TX
,
Houston,TX
,
,
Tennant Creek,
sacramento,
Las Vegas,NV
,
,
Boston,
,foreign
,
,
,
Largo,MD
,
Nashville,TN
,
Brooklyn,NY
CA,
,
Rockland County,NY
Chicago,
Simpsonville,SC
,foreign
,
,
,foreign
UK,
,
Berkeley,CA
,
,
Jacksonville,FL
,AR
Tampa Bay,FL
,NY
Roman Empire,
,ID
Seattle,WA
,
,OH
,
,
,
,
,
,KS
,NY
,OH
Lagos,
,MI
,
Brooklyn,NY
,
,foreign
,
,
Kumasi,
,
,MI
Fort Collins,CO
,
,CO
Los Angeles,CA
Somerville,
,
,
,
,foreign
,
los angeles,
,
Oklahoma City,OK
,foreign
Kernersville,NC
,foreign
Houston,TX
,CA
,
Vancouver,
,
,
Hong Kong,
Boston,
,
,
Oak Grove,LA
New Haven,
,
new york city,NY
,
,
,
,
,
Seattle,
,
,
,
,
,foreign
El Paso,TX
,
,
Boston,
Seattle,
,
Croton,NY
,
Miami,FL
Blursville,
,
Canaryville,
Cairo,
,foreign
,
Boston,
,
,
,
,GA
Riderville,
Ontario,
,
Cleveland,OH
,
,DC
,foreign
,
,
,
,
Los Angeles,
,
,
,
,
,NY
,
,
,
Long Beach,
,
,
,
,
,NJ
,
,
,CA
,KY
,
Akron,OH
West Michigan,MI
,NY
Sarnia,
,
Boston,
,MD
,
,
,MI
,
Nederland,TX
,
,
,
,
,
,
,
,
Seattle,
,
,
Lennox,CA
,
,
,
,
,foreign
,
Boston,
,
,
,
,
,
Hampton,VA
,DC
,foreign
San Diego,CA
Philadelphia,
,AZ
Denver,CO
Hollywood,CA
Boston,
,
,
,
,
New Orleans,
,
New York City,NY
Boston,
Baltimore,WA
,
Orlando,FL
,
,FL
,
,
Los Angeles,CA
,
,
,foreign
Scottsdale,AZ
,foreign
,
,
Brooklyn,
Jacksonville,
Chicago,IL
,VA
,foreign
,DC
,
,NM
San Francisco,CA
,CA
Lexington,KY
Boston,
Atlanta,GA
,
Los Angeles,CA
,
,
Brooklyn,NY
Boston,
,
,
,foreign
,
Melbourne,
,MT
Paris,
,
,
El Paso,TX
,
,
,
Piscataway,
,
,
Orange County,CA
,
,
,MI
New Orleans,
,
,
,
,foreign
Nashville,
,
Cincinnati,OH
,
,
,foreign
Las Vegas,NV
,
Akron,OH
,
,
Omaha,NE
Vancouver,
,GA
,
,MO
,foreign
,
,
,
,
,foreign
,FL
,
,
Salisbury,MD
,
,
,TX
Raleigh,NC
Toronto,
,
Chicago,IL
,
,
Portland,OR
Los Angeles,CA
,OK
Chicago,IL
,foreign
,WA
,foreign
,
,
,
,
,NY
,
,
,foreign
,
,
,
,
,
Nashville,TN
,
,
West Phila,
Charlotte,
,
,
Chicago,IL
,
Denver,CO
,
Palm Springs,CA
,
,
,
,foreign
,foreign
,DC
,
,
Fort Worth,TX
,
White Rock,
,
Mannheim,
,foreign
,
,
,
,TX
,
,foreign
,
Los Angeles,
Potomac,MD
Las Vegas,NV
Phoenix,
,
Philadelphia,
Buffalo,NY
Boston,
,
,
,
,
,
Houston,TX
Laredo,TX
,
,
,foreign
Medford,MA
,
,
,foreign
,
,
,
,
,
,
,foreign
,
,
,
,foreign
,
,foreign
,
Lathrop,CA
,
,foreign
Jeffco,MO
Los Angeles,
,
,
South Beach,
Miami,FL
Philadelphia,PA
,
,
Brooklyn,NY
,
,
,
,
,WY
,
,NY
,
,
Oakland,
Boston,
,
Jogjakarta,
,
,MA
Los Angeles,CA
,
Lima,
,foreign
,
,
,
,
,CA
,
,
,
,
,
San Diego,CA
,
,
,
,
New York City,NY
,
,
Kennesaw,GA
,
,
,
Boston,
Louisville,KY
,
Charlestown,MA
,
,AK
,
,
,
Bronx,NY
UK,
,CA
,
Evansville,IN
,foreign
Brooklyn,
,
,
,
,
,foreign
,
,
,
,
,
,
,
,TX
St. Louis,MO
Brooklyn,
Arlington,VA
,
,
Tallahassee,FL
,
,
Baton Rouge,
Lagos,
Durham,NC
,
,
,
,
,
Woodbridge,VA
,
,
,
Miami,
,
,
Las Vegas,NV
Long Beach,CA
,
,
,
,
Cambridge,MA
,foreign
Vallejo,CA
New Delhi,
,
Huntsville,AL
,
,foreign
Detroit,
,FL
,
San Francisco,CA
,
London,
,
,
,
,
,DC
Fullerton,CA
,
Tallahassee,FL
,
,
New Orleans,
,
,
,
,
,foreign
,
,
,
,
,MA
,foreign
,
,
,CA
,CA
,foreign
,
,foreign
,
,
,
Bronx,NY
St. Louis,MO
Seattle,WA
,
,NH
,
Atlanta,GA
,
,MA
,
,
,
Pittsburgh,
,
,
,
Lagos,
Seattle,WA
,
,IN
,
,ME
,
,
,
Cincinnati,OH
Austin,
,
Minneapolis,MN
,
,DC
,
,
,foreign
,
,
,
,
San Diego,
,WA
,foreign
Cleveland,OH
,
,
,
,
,
,
,
,
,
,
,KS
,
,
,
,
,
,
,
Salt Lake City,UT
Boston,
,
,
,
,AZ
,
,
,
,MI
Henderson,NV
,
,
,
,
,
Los Angeles,CA
Denver,CO
,
Los Angeles,CA
,
Sydney,
,
,
Los Angeles,CA
San Antonio,TX
San Francisco,CA
,
,
Boston,
,
,
,
,DC
Sevenoaks,
Raleigh,
,foreign
,CA
,
Portland,OR
London,
Houston,TX
,
,foreign
,
Chicago,
,
,
,
,
,
,
,
,
Miami,
,
,
,
,
,
,
Jacksonville,FL
,foreign
,
Los Angeles,CA
,
,KS
,TX
,
Louisville,KY
Oakland,
,
,
,
Cleveland,
,foreign
,
New York City,NY
,
,
,
,
,foreign
,
,
,
,
Louisville,KY
,
,
,NY
,
,
Tucson,AZ
,
,
,
,
,foreign
,
Los Angeles,CA
,
,
,
Vancouver,WA
Los Angeles,CA
,FL
New York City,NY
,
,
Mattoon,IL
,
,
Charlotte,NC
,
USA,HI
,
,
,foreign
,
,
,
,
,
,
,
,
,
Baltimore,
Seattle,WA
,
Seattle,
,CT
Manhattan,NY
Boston,
,
,
Tulsa,OK
Lagos,
,
,
,
,WA
,
,
,
Denton,TX
,
Cincinnati,OH
,
,
,CA
,
Atlanta,GA
,
,
,
,
,foreign
,
,
Houston,TX
,
,
San Diego,CA
,
,
Atlanta,GA
,
,
,
,
Boston,
,
,
,WA
Philadelphia,PA
,
,
Alberta,
,foreign
,
,
,
Las Vegas,NV
,
Staatsburg,NY
,
Chicago,IL
,
,
St Louis,MO
,PA
,
,
,foreign
,
,
,
,
,
Effingham,IL
,foreign
Crown Heights,
,
,
,
,
,
Philadelphia,PA
,foreign
Lagos,
Harrisburg,PA
,
,
,
Pacific Grove,CA
,
,
,
,CT
,
,
,
,
,
,
,
,
,
,
Eastern United States,
,
,
Miami,FL
santa cruz,CA
,
,
,
,
,
,
,
,
Kansas City,KS
Birmingham,AL
Hong Kong,
,
,foreign
Haverhill,MA
,foreign
,NJ
Colorado Springs,CO
,
Buffalo,NY
,
Boston,MA
,
,
Cleveland,OH
,
Chicago,
,
Munich,
,
,
Boston,
,
,
Atlanta,GA
,
,TX
Seattle,
,
,foreign
Toronto,
,AZ
,foreign
Raleigh,NC
Setúbal,
,
,
,
,
,
,foreign
,foreign
,
,
,
Durham,NC
,
,
,
San Diego,CA
Columbia,MO
Seattle,WA
,
,WI
Naples,
Berlin,
,
,
El Segundo,CA
,
Ontario,
,
,
,
,
,
Boston,
,
,
,
,
,CA
,foreign
,
,
,
,CA
Houston,TX
Los Angeles,
,
,
,
,NY
,
,
,
,
Louisville,KY
Orange County,CA
,
,
,AL
,
,NH
,
,
,
,CA
,CO
,
,
,
,OR
Denver,CO
,FL
,
,
,
Toronto,
,
,
,
,
,FL
Ruston,
,
Brentwood,CA
Asheville,NC
,
,
Pleasanton,CA
,
,VA
Brooklyn,NY
,
,
,
,
San Antonio,TX
,KY
,NH
,
,
,TX
San Francisco,CA
,
Los Angeles,CA
,
Quezon City,
,foreign
,
,
,
San Antonio,TX
Long Island,NY
,
,
,
,CA
,
,
,
,KS
Charlotte,NC
Los Angeles,CA
,NJ
Las Vegas,NV
,NY
Charlotte,NC
,
,
London,
Philadelphia,
Knoxville,TN
Philadelphia,PA
,
Nashville,GA
,
,foreign
,
,NY
,MA
,IN
Delray Beach,FL
Minneapolis,MN
,
,
,
Raleigh,NC
,
,
,foreign
,
,
,
,
Toronto,
Perth,
College Park,GA
,
,FL
Toledo,OH
,
Cambridge,
Houston,TX
,
,
,
,
,foreign
,
Chicago,
,AZ
,foreign
,
,CA
Chicago,IL
,
,
,
,AR
,NY
,
,CA
,AZ
south beach,
,MD
,
Oakland,CA
,
UK,
Santa Monica,
San Mateo,
,
,
,
,foreign
,
,
Houston,TX
LA,TX
,
,DC
Chicago,IL
,
,MI
,
,
,
,TX
,foreign
,
,
Indianapolis,IN
,
London,
Boston,
,NY
,
,
Syracuse,NY
Palo Alto,CA
,
,
Los Angeles,CA
,
Milwaukee,WI
,
,
Cambridge,IN
,DC
,foreign
,
,foreign
,PA
,
,
Spartanburg,SC
,
,CA
,
,
,
,
,foreign
Las Vegas,NV
Lubbock,TX
,
,
,
,
Victoria,TX
,
Denver,
,
,
Ontario,
,NY
,NH
,
,
,foreign
,
,
,
,SC
Houston,TX
,
,
New Orleans,
,
Northern Ireland,
,
,
,
,AR
,
,
,MI
,
,
Washington State,WA
,foreign
,
,
,
,
,foreign
Pittsburgh,
Nashville,TN
,
,
,foreign
,WA
,
,PA
,KY
,foreign
,
,
,NC
,
,foreign
,
Boston,
,
,
,
,
Guelph,
,
,OK
,
Atlanta,GA
,
,foreign
,
,
Boston,MA
,
,TX
Memphis,TN
,
,
,TX
,NY
,foreign
,
,
UK,
,foreign
,
,NY
,
,
,foreign
,
,foreign
,
,
,
,
,
,GA
Dallas,TX
,
Framington,CT
,
,
Pittsburgh,PA
Daytona Beach,AK
,AZ
,
Hampton,VA
,
,
Raleigh,NC
,
,
Boston,
,
Sacramento,
,OR
,
,
,foreign
,
,
,
,
,
,
Jersey City,NJ
,
,foreign
Las Vegas,NV
,
Chicago,IL
,FL
London,
Methuen Town,MA
,WA
,
,
,
Torino,
,
,
Seattle,
,
,
,
,
Chicago,IL
,foreign
,
,
,
Grand Cayman,
,MN
,CA
Philadelphia,PA
,
Greenville,SC
,
,
,NY
,
Phoenix,
,
,
St. Louis,MO
,CO
,
Islamabad,
Cleveland,OH
,
,NY
Stockholm,
,foreign
,
,ME
,
Chicago,IL
Scottsdale,AZ
League City,TX
,
,
,
,
,
Manhattan,NY
St Louis,MO
,
LA,
,NJ
,FL
,
,foreign
,
,
,
,
,
San Francisco,CA
,
,
,
,
,
,
,
chillin,
,WI
Thornhill,
,FL
,AK
London,
Boston,
,NY
,
,
,
,
,
Green Mountain,NC
,
Dallas,TX
,DC
,
,
,foreign
,FL
,
Pittsburgh,PA
,
,
,foreign
,
,foreign
,
,
,
,
,
,CA
,
,foreign
Harris County,TX
Dallas,TX
,
Seattle,WA
Baltimore,MD
,
,foreign
,
,ME
,DE
,
,
,
,
,
,MT
San Diego,CA
,
,foreign
yeehaw,TX
,
,
,
,
Triangle Park,NC
,NY
,foreign
,
,
,
,
Kansas City,KS
,
,
Portland,OR
,foreign
,WI
New York City,NY
,
,
,
,
,
Portland,OR
,
,
,
San Antonio,TX
,
,
,foreign
,
,
,
,CA
,AZ
,
,
,
,
,foreign
,
Dallas,
,
Los Angeles,CA
,
Los Angeles,CA
,
,KS
,
,
South Australia,
,
,
,
Johnson City,TN
Los Angeles,CA
,
Los Angeles,CA
Toronto,
Yuma,AZ
,
,
,
,CO
,
Los Angeles,
,
Lagos,
,
,
,
,
Cambridge,
,
Indianapolis,IN
,
,
,
,
Lagos,
Ventura County,
,
San Antonio,TX
,
,
,
Tampa,FL
,
Crawfordville,
,
,foreign
,foreign
West Odessa,TX
,
,
Killeen,TX
,NY
London,
,
,
,
Lagos,
St. Louis,MO
,foreign
,foreign
,
,
Philadelphia,PA
,
,
Dedham,MA
Las Vegas,NV
,CA
,
,
,
,
,
,
,
,foreign
Boston,
,
,foreign
Auckland New Zealand,
,OH
,
London,
,foreign
,
,foreign
Jersey City,
,NY
,
,
,
,
,
boston,
,
,
,foreign
,
Glencoe,IL
,foreign
,
,
,
,
,
,foreign
Ilorin,
,
,
Torino,
,AZ
,
,
,
,
,
,
,AK
,
,
McLean,VA
Kansas City,KS
,
,TX
U.S.,
,
Melbourne,
,
,
Toronto,
,foreign
,
,foreign
,foreign
,
Hague,
,
LA,
,
,
,
Miami,
,
,NJ
,WA
venice,FL
,
,
,
,
,
,
,
,
,
,
,
,
,
Des Moines,IA
,foreign
,
Tampa,FL
,
,
,DC
,
,
,
,MT
,
,
Raleigh,NC
Cebu City,
,
,
,
,
,
,NY
,
,foreign
,NH
Seattle,WA
,
Boston,
,
,MO
Los Angeles,CA
,
,
,foreign
,
,
,foreign
,
,
,
,
,
,
Broadheadsville,
,foreign
Toronto,
,
Honolulu,HI
Dallas,TX
,FL
,
,
,
,
,
Springfield,IL
,
Santa Clarita,CA
Los Angeles,CA
,
,
,
,foreign
,
,
,
,
,
Los Angeles,
,
,
Nederland,
,
,TX
Manhattan,NY
El Centro,CA
,
,
Herndon,VA
,
,foreign
,FL
,
Rochester,NY
San Francisco,CA
,
Chicago,IL
,
,
Houston,TX
,
,
,
,
Brooklyn,NY
,foreign
,FL
,
,
,foreign
,
Middletown,CT
Seattle,WA
,
Orlando,FL
,
,foreign
Boston,
West Hollywood,CA
Palm Springs,
,
,
,foreign
,
,
,
Los Angeles,CA
,
,
,
,
Philadelphia,PA
,
Charlotte,NC
Carlisle,
,foreign
,
,
,
,
San Antonio,TX
Charlotte,NC
,
Columbus,OH
,
,
,
,foreign
,foreign
Forgetaboutit,NJ
,
,
Dubai,
,
,
London,
,
Long Beach,CA
,foreign
Evansville,IN
Los Angeles,
,
,
,
,foreign
,KS
,FL
,foreign
Cleveland,OH
,
,
,
,
,
,CA
,
,
,
,
,
Toronto,
Birmingham,AL
Polk County,
,
,UT
Palo Alto,CA
,
,TX
,
,
,WA
,
,
,foreign
Melbourne,
,VA
New Orleans,
,
,
,
Atlanta,GA
,
,
Panama City Beach,FL
Denver,CO
,foreign
,
,NJ
,
,foreign
,
,
,
,
,foreign
,
,MT
,
,DC
,FL
,
,
,MA
,
,
Hartford,CT
Dallas,TX
,
Louisville,KY
Sacrafornia,
,foreign
,
,NC
,
,
,
,DE
,foreign
San Francisco,CA
,
,foreign
,WA
,
,
,
,
,FL
,
,
,UT
,
Queensland,
,
,NY
Belfast,
,
,foreign
,
,NC
Los Angeles,
,
,CO
,
,
,
,
,
,
,
,
,
Dallas,TX
,foreign
Milan,
,
,foreign
,
,
,
,foreign
,NY
,
Detroit,MI
Boston,
Red State,
Kansas City,KS
Palo Alto,
,
,
,IL
Houston,TX
,
Fort Collins,CO
,MA
,
,
Seattle,WA
Paris,
,
,
,
,foreign
,
,
,foreign
Summit County,CO
,DC
,
,
Santa Rosa,CA
,FL
,foreign
London,
Toronto,
,
Los Angeles,CA
Orlando,FL
,foreign
,
,
,WA
,
,
Salt Lake City,UT
,
British Columbia,
,NY
,foreign
,PA
,
,
,
Manhattan,CA
,
,
Long Island,NY
,
,
,
,OH
,
,
,
,
,
,foreign
,
Croton,NY
,
,
Dublin,
,
,
,
,
,NY
Seattle,
,
,
,
San Francisco,CA
Houston,TX
,
Toronto,
Richmond,
,
,
,
,
,
,
,
,
,
,
,
Dallas,TX
,
,
,
,
Cambridge,MA
Seattle,WA
,foreign
,
,
,
London,
Denver,CO
,
,foreign
Los Angeles,CA
Abuja,
,
,foreign
,
,
,
,foreign
,
,foreign
London,
,
,
,
,
Boston,
,
,
,
,
,
,
,
,
,
,
Miami,
Biloxi,
,
Louisville,KY
Sacramento,CA
,
,
london,
,
,
,
,
,
,foreign
,DC
,
,
Cincinnati,OH
,foreign
San Diego,
,foreign
,foreign
,
,
,
,
British Columbia,
,
,
,
,
,
,
Thornton,CO
,
,foreign
,
,
,
,
,
,NY
Knoxville,
,foreign
Houston,TX
San Antonio,TX
,
,
Katy,TX
,
St Louis,MO
Mandeville,NY
,
Henderson,NV
,
Fairfield,CA
,
,
Queens,NY
,
,
,
,
,
,TX
,
,
,
,foreign
,
,
Detroit,MI
San Diego,CA
,
Cleveland,OH
,
,
,
,
,foreign
,
,
Charm City,
,RI
,
,
,
,foreign
,NY
,
,
,foreign
USA,IN
,
Belvidere,IL
,
,
Lagos,
,
,NY
,
"Auckland,",
,
,
,
,
,RI
,
,
Chicago,
,
,
San José,CA
,NC
,ME
,
,foreign
,
Boston,
Bellevue,WA
,NC
,
,
,
,
San Francisco,
,
nuevo mexico,
,VT
,MI
Toronto,
,
,
,MA
,
,
,
,
,
,
,
Santa Ana,CA
,
,
,
,
,
Iowa City,IA
,
,
,
U.S.,
,
,WA
,foreign
,
,
,
,
,
,
,WA
,
Denver,
,foreign
,CA
,
,IA
Houston,TX
,
,AZ
,foreign
,foreign
,
,
,
,
,
,CO
Los Angeles,
,
UK,
,
,foreign
,
,
,
,
,
,
East Atlanta,
,
,
,
,
Vancouver,
Phoenix,AZ
,AR
,DC
,
,
Warwick,RI
,
,
Lancaster,CA
Boston,
,AZ
,
,
,
,NY
,
,
,
,
,foreign
,FL
,
,
,
Folsom,CA
,
,WA
Nashville,TN
,
San Diego,CA
Des Moines,IA
,
,
,
,
,
,
,
,
,
,
,
,
Houston,TX
,
,
,foreign
,
Iowa City,IA
,
,
,
,
,
,MA
,
,
,foreign
,
,
,
Orlando,FL
,foreign
,
,
Denver,CO
,
,
,CA
San Antonio,TX
,OR
,
Pasadena,CA
,
,
,
,
,
,
Miami,
,
Birmingham,AL
,
,
,
,
,
,
,
,
,
,
,GA
,
,
,CO
Tulsa,OK
,
,
,
,
,
,NY
,
,
,NC
Los Angeles,CA
,
,
,
,
,TX
,foreign
,
,foreign
,
,
,
,
North Chicago,IL
,
,
,
,
,
,
Queensland,
Hudsonville,MI
Mobile,AL
Albany,NY
,
,foreign
,
Tampa,FL
Buffalo,NY
,
,
Santa Cruz,CA
,
,
,foreign
,
,
,
,
,foreign
,CT
,
,MI
,PA
Los Angeles,CA
,
,
,
,
,
,
,
,
Kanye,
,
,
,
,
,
,NY
,
,
MA,
,
,
Ottawa,
Boston,
,foreign
Columbus,MA
Montréal,
,
,WA
,DC
,
Tussock creek,
Louisville,KY
,
,
,
,
,
,MN
,
,
,
,foreign
,
,
Seattle,WA
Salinas,CA
,NY
,
,foreign
,
,TX
,
Fort Lauderdale,FL
Raleigh,NC
,
,
,UT
,
,
,
,WA
New Orleans,
,
,foreign
,
,
Milwaukee,WI
,
,
San Francisco,CA
,
Houston,TX
,WA
,
,
,
Houston,TX
,
,
,
Chicago,
,
Bronx,NY
,
,
,
,
,
,WA
,
,
,
,
,FL
,foreign
,
,
,
,
𝒃𝒐𝒔𝒕𝒐𝒏,
,
Toronto,
,
,
Wrigleyville,
Tasmania,
,
Columbus,OH
Jacksonville,FL
,foreign
,
,
,TX
,
,AK
,
,
,
,foreign
,
,WA
,
,
,
,
,
Portland,OR
,
,
,
,
Los Angeles,CA
Cincinnati,
Hornell,NY
,
,
,
Sacramento,CA
,
,
,
Greenville,NC
,NY
,
,foreign
Carpentersville,IL
,foreign
,
,
,
Bakersfield,CA
,
These United States of America,
,
Plano,TX
